Date,kp,ap,sn,f107
2000-01-03,2.625,12.0,80,133.1
2000-01-02,3.1665,16.5,75,132.9
2000-01-04,2.7498750000000003,12.875,95,134.7
2000-01-05,3.3748750000000003,19.25,108,136.5
2000-01-06,3.2915,19.0,126,144.8
2000-01-07,2.33325,10.0,126,149.8
2000-01-08,1.29175,4.875,111,154.7
2000-01-09,0.6665000000000001,2.75,112,160.6
2000-01-10,1.54175,6.25,96,163.2
2000-01-11,3.416625,24.375,133,177.6
2000-01-12,2.333375,10.375,198,195.7
2000-01-13,2.1666250000000002,8.875,226,202.0
2000-01-14,1.875,7.625,242,201.3
2000-01-15,1.541625,5.625,232,210.7
2000-01-01,4.08325,30.125,71,129.9
2000-01-16,1.5,5.5,241,207.7
2000-01-17,0.58325,2.625,193,196.4
2000-01-18,0.708375,3.125,177,194.6
2000-01-19,1.125,5.0,168,178.6
2000-01-20,2.375,10.375,140,170.7
2000-01-21,0.291625,1.5,130,159.3
2000-01-22,3.24975,22.25,124,150.6
2000-01-23,3.2501250000000006,29.0,121,140.5
2000-01-24,2.7082499999999996,13.125,118,140.7
2000-01-25,1.791625,6.875,126,137.4
2000-01-26,1.83325,7.75,114,140.7
2000-01-27,2.9998750000000003,16.75,103,132.4
2000-01-28,4.20825,31.75,89,152.0
2000-01-29,4.2082500000000005,30.375,90,127.7
2000-01-30,2.958375,14.875,75,132.7
2000-01-31,2.45825,10.375,86,138.6
2000-02-01,2.041625,8.375,104,138.1
2000-02-02,2.0,8.375,94,144.4
2000-02-03,2.208375,10.375,119,154.1
2000-02-04,1.333375,5.0,145,167.4
2000-02-05,1.9165,11.875,153,167.8
2000-02-06,4.333375,34.125,200,177.7
2000-02-07,4.16675,30.875,191,181.9
2000-02-08,2.9585,15.25,188,173.6
2000-02-09,2.375125,11.0,160,199.0
2000-02-10,2.416625,10.375,179,175.7
2000-02-11,3.125,17.375,167,170.2
2000-02-12,5.125,60.375,166,163.2
2000-02-13,2.916625,14.5,158,159.9
2000-02-14,4.291625,32.75,175,158.7
2000-02-15,3.041625,17.375,173,156.0
2000-02-16,1.791625,7.0,192,160.2
2000-02-17,1.4168749999999999,5.75,160,168.4
2000-02-18,0.208125,1.25,153,141.1
2000-02-19,0.7501249999999999,3.0,131,144.8
2000-02-20,1.083375,5.375,112,153.3
2000-02-21,3.3752500000000003,21.0,135,152.1
2000-02-22,1.500125,5.625,147,172.3
2000-02-23,2.16675,10.75,139,185.1
2000-02-24,4.125125,30.0,180,192.2
2000-02-25,3.4582499999999996,20.375,192,210.4
2000-02-26,3.041625,15.875,211,214.8
2000-02-27,2.7498749999999994,13.0,220,227.3
2000-02-28,3.0,15.875,222,218.8
2000-02-29,1.6665,6.875,238,219.0
2000-03-01,3.4998749999999994,21.0,217,232.8
2000-03-02,2.04175,11.0,204,213.2
2000-03-03,1.249875,4.875,179,203.8
2000-03-04,0.7501249999999999,3.0,178,200.2
2000-03-05,1.5,6.125,178,220.3
2000-03-06,2.625,12.0,203,222.4
2000-03-07,3.125,16.25,244,221.8
2000-03-08,2.7917500000000004,14.125,228,214.9
2000-03-09,1.04175,4.25,229,205.8
2000-03-10,1.95825,8.875,215,203.4
2000-03-11,2.5833749999999993,12.625,200,203.2
2000-03-12,3.25,18.875,192,203.2
2000-03-13,0.958375,3.875,190,188.1
2000-03-14,1.500125,5.5,181,182.6
2000-03-15,0.33325000000000005,1.75,162,177.8
2000-03-16,0.375,1.75,157,184.4
2000-03-17,1.125,4.25,149,192.4
2000-03-18,1.333375,5.5,159,194.8
2000-03-19,1.875125,7.25,198,208.2
2000-03-20,1.25,5.75,236,210.3
2000-03-21,0.916625,3.625,233,230.5
2000-03-22,2.625,12.125,245,233.8
2000-03-23,2.7082499999999996,13.75,286,224.1
2000-03-24,2.3748750000000003,11.125,295,218.9
2000-03-25,1.95825,8.125,291,205.1
2000-03-26,0.8333750000000001,3.375,267,211.3
2000-03-27,0.958375,3.875,244,204.9
2000-03-28,0.958375,3.75,266,200.9
2000-03-29,1.58325,9.75,233,208.8
2000-03-30,2.5415,12.5,233,205.5
2000-03-31,3.6667500000000004,23.125,258,225.4
2000-04-01,2.666625,13.0,285,222.9
2000-04-02,2.875,15.125,294,219.3
2000-04-03,2.16675,9.0,270,215.4
2000-04-04,3.333375,21.875,250,206.7
2000-04-05,1.91675,10.75,197,194.4
2000-04-06,4.70825,82.5,165,177.7
2000-04-07,5.04175,73.75,143,174.9
2000-04-08,2.416625,10.25,153,182.0
2000-04-09,2.875,14.5,165,176.3
2000-04-10,3.333375,18.625,156,177.8
2000-04-11,2.125,9.0,146,181.5
2000-04-12,1.666625,6.625,172,173.0
2000-04-13,1.25,5.875,180,164.0
2000-04-14,0.49987500000000007,2.375,174,165.2
2000-04-15,1.5,6.0,160,163.7
2000-04-16,3.458125,21.75,150,159.0
2000-04-17,2.375,11.5,168,157.9
2000-04-18,1.333375,5.5,143,160.4
2000-04-19,2.4585000000000004,12.0,157,167.7
2000-04-20,2.7082500000000005,12.875,185,180.6
2000-04-21,2.0835,9.625,195,187.3
2000-04-22,1.375125,5.125,221,201.8
2000-04-23,1.58325,5.875,259,206.1
2000-04-24,3.2082499999999996,20.625,244,205.6
2000-04-25,1.41675,5.375,230,202.5
2000-04-26,0.4585,2.0,208,189.9
2000-04-27,2.66675,12.875,180,183.5
2000-04-28,2.7498749999999994,14.125,189,183.4
2000-04-29,2.666875,12.5,153,174.9
2000-04-30,2.3332500000000005,11.625,153,169.5
2000-05-01,2.958375,15.125,124,157.7
2000-05-02,3.375,20.625,109,152.8
2000-05-03,2.916625,17.375,104,137.3
2000-05-04,1.75,6.375,97,134.5
2000-05-05,2.291625,9.75,97,129.8
2000-05-06,2.375,10.625,57,126.8
2000-05-07,1.333375,5.0,71,130.9
2000-05-08,0.9585,3.75,87,137.0
2000-05-09,1.958375,7.875,135,149.5
2000-05-10,1.416625,5.75,164,179.2
2000-05-11,1.083125,4.25,181,177.7
2000-05-12,2.75,14.625,181,190.4
2000-05-13,2.791625,14.0,220,217.3
2000-05-14,2.0,8.75,263,232.5
2000-05-15,2.541625,12.0,280,244.4
2000-05-16,3.04175,16.0,258,258.7
2000-05-17,3.25,28.0,232,262.0
2000-05-18,1.583375,6.75,220,252.9
2000-05-19,1.874875,6.875,228,254.3
2000-05-20,1.125,4.5,246,245.6
2000-05-21,1.458375,5.375,222,232.3
2000-05-22,1.999875,7.625,195,214.9
2000-05-23,3.208375,29.125,180,204.3
2000-05-24,5.958375,92.625,183,189.4
2000-05-25,4.000125,27.875,157,172.8
2000-05-26,2.833125,15.0,160,167.9
2000-05-27,2.083375,8.25,145,161.8
2000-05-28,2.208375,9.0,169,155.9
2000-05-29,3.458375,23.5,160,149.0
2000-05-30,3.583375,21.875,127,146.4
2000-05-31,2.04175,9.75,91,154.4
2000-06-01,1.875125,8.375,128,148.0
2000-06-02,1.625,6.0,119,187.2
2000-06-03,2.5,11.125,113,165.9
2000-06-04,2.16675,12.0,152,169.7
2000-06-05,3.75,24.375,143,171.0
2000-06-06,2.70825,15.25,149,186.4
2000-06-07,2.4585,11.25,158,180.3
2000-06-08,5.166625,64.25,181,174.6
2000-06-09,1.3331250000000001,5.25,184,168.9
2000-06-10,3.5417500000000004,21.25,179,179.6
2000-06-11,3.5001250000000006,24.75,227,186.8
2000-06-12,2.91675,15.125,221,192.7
2000-06-13,2.333375,9.875,235,199.2
2000-06-14,3.875,28.875,257,200.6
2000-06-15,3.416875,23.25,238,202.4
2000-06-16,1.16675,4.625,214,197.5
2000-06-17,1.5,5.625,209,193.1
2000-06-18,2.041625,10.375,221,187.6
2000-06-19,1.5,6.5,218,178.4
2000-06-20,1.666625,6.25,239,183.7
2000-06-21,1.41675,6.125,221,188.0
2000-06-22,2.416625,11.125,191,179.7
2000-06-23,3.5832499999999996,26.875,187,175.2
2000-06-24,2.541625,15.25,179,168.3
2000-06-25,1.2085,5.5,167,175.1
2000-06-26,4.4582500000000005,39.625,194,177.4
2000-06-27,3.208375,17.75,208,178.6
2000-06-28,2.20825,9.5,173,175.3
2000-06-29,1.791625,7.75,164,163.3
2000-06-30,1.0831250000000001,4.375,172,159.6
2000-07-01,1.70825,6.875,208,163.7
2000-07-02,1.083375,4.25,202,162.4
2000-07-03,2.0001249999999997,7.75,178,156.3
2000-07-04,2.0,8.0,164,158.4
2000-07-05,2.083375,9.25,182,168.7
2000-07-06,1.416625,5.25,221,174.3
2000-07-07,1.375,5.125,254,187.1
2000-07-08,1.583375,6.0,254,210.0
2000-07-09,1.500125,5.625,257,211.3
2000-07-10,3.2917500000000004,19.75,309,244.5
2000-07-11,4.2913749999999995,33.5,290,241.6
2000-07-12,1.9585,8.625,267,314.6
2000-07-13,3.75,42.5,279,231.9
2000-07-14,4.5,50.75,236,203.9
2000-07-15,6.250125000000001,164.375,213,213.1
2000-07-16,4.250125000000001,49.625,283,218.9
2000-07-17,2.0415,8.5,322,228.3
2000-07-18,2.4998750000000003,11.5,327,261.9
2000-07-19,2.416625,14.125,353,249.9
2000-07-20,4.20825,36.5,346,252.9
2000-07-21,1.70825,6.625,332,250.9
2000-07-22,2.58325,11.875,310,251.0
2000-07-23,3.125,23.25,286,217.3
2000-07-24,1.1665,4.75,246,224.8
2000-07-25,1.416625,5.25,254,201.8
2000-07-26,3.208375,18.875,191,174.6
2000-07-27,1.54175,7.0,181,162.4
2000-07-28,3.8751249999999997,32.0,172,157.8
2000-07-29,3.7501249999999997,27.0,162,153.2
2000-07-30,2.0,8.125,161,149.9
2000-07-31,3.08325,21.0,134,147.9
2000-08-01,2.541625,11.625,147,149.4
2000-08-02,2.3748750000000003,10.5,152,150.6
2000-08-03,2.291625,9.0,148,154.2
2000-08-04,3.2082500000000005,17.0,152,154.2
2000-08-05,3.666625,24.75,199,158.5
2000-08-06,3.0415,16.375,198,166.0
2000-08-07,1.833375,7.25,227,166.9
2000-08-08,1.791625,6.5,194,170.8
2000-08-09,1.333375,5.125,177,182.2
2000-08-10,3.541625,25.375,213,181.0
2000-08-11,4.79175,46.625,228,187.3
2000-08-12,6.541625,123.0,235,189.3
2000-08-13,2.8751250000000006,19.125,243,186.0
2000-08-14,2.125,11.875,282,189.5
2000-08-15,1.875,8.5,253,193.9
2000-08-16,1.83325,6.625,246,185.6
2000-08-17,1.708375,6.5,210,177.1
2000-08-18,0.75,3.25,194,169.5
2000-08-19,0.9998750000000001,4.125,184,157.1
2000-08-20,1.0,3.875,147,152.4
2000-08-21,2.3335,10.5,106,151.4
2000-08-22,0.58325,2.5,93,144.2
2000-08-23,1.5415,6.625,93,136.9
2000-08-24,1.833375,7.625,106,130.6
2000-08-25,0.708375,3.0,112,133.2
2000-08-26,1.208375,4.625,109,137.0
2000-08-27,1.708375,6.625,156,150.1
2000-08-28,3.5415,27.25,183,160.0
2000-08-29,4.29175,35.25,191,163.3
2000-08-30,2.666625,12.375,199,164.8
2000-08-31,2.8332499999999996,13.625,217,162.9
2000-09-01,3.0835,16.0,202,157.7
2000-09-02,3.6248749999999994,23.125,168,154.0
2000-09-03,1.5835,6.75,182,154.1
2000-09-04,2.6251249999999997,17.75,191,170.8
2000-09-05,1.7915,7.25,162,180.2
2000-09-06,2.20825,12.5,162,178.7
2000-09-07,3.0,15.0,156,173.2
2000-09-08,3.166875,17.125,121,163.4
2000-09-09,1.33325,5.0,90,150.9
2000-09-10,1.0,3.875,60,140.6
2000-09-11,0.9998750000000001,3.875,37,134.9
2000-09-12,3.4582499999999996,21.25,50,132.6
2000-09-13,1.91675,9.75,78,133.2
2000-09-14,1.125125,4.375,85,150.8
2000-09-15,1.958375,12.125,109,159.4
2000-09-16,3.75,28.75,121,174.6
2000-09-17,4.541625,56.0,154,181.5
2000-09-18,5.29175,70.5,159,203.8
2000-09-19,3.833375,29.625,172,207.1
2000-09-20,2.4585000000000004,12.125,176,211.4
2000-09-21,2.2085,9.0,195,225.1
2000-09-22,1.66675,6.5,202,232.2
2000-09-23,1.66675,6.625,227,225.2
2000-09-24,1.999875,12.5,232,224.5
2000-09-25,3.333375,18.875,218,225.6
2000-09-26,3.7083749999999993,23.75,229,223.6
2000-09-27,2.583375,11.375,230,204.7
2000-09-28,2.333375,11.5,202,202.3
2000-09-29,1.79175,6.625,169,192.0
2000-09-30,4.95825,50.75,142,193.6
2000-10-01,2.500125,12.75,164,201.6
2000-10-02,1.999875,9.875,218,202.6
2000-10-03,3.8332499999999996,30.125,227,192.0
2000-10-04,5.041625,62.875,214,184.1
2000-10-05,6.583375,116.5,183,173.8
2000-10-06,0.91675,4.125,138,158.1
2000-10-07,1.125,4.25,94,155.6
2000-10-08,0.5415,2.5,103,148.9
2000-10-09,0.916625,3.75,101,140.8
2000-10-10,2.041625,8.0,81,139.6
2000-10-11,2.625,15.0,117,151.4
2000-10-12,1.541625,6.375,174,162.7
2000-10-13,3.833375,36.25,173,168.1
2000-10-14,4.833374999999999,45.0,148,163.3
2000-10-15,2.0001249999999997,7.625,118,161.1
2000-10-16,2.166625,10.125,131,160.9
2000-10-17,2.458375,10.625,138,154.1
2000-10-18,2.2085,9.125,135,151.1
2000-10-19,2.166625,9.0,128,157.8
2000-10-20,0.625,2.875,134,160.7
2000-10-21,0.70825,3.0,138,158.0
2000-10-22,2.6667500000000004,16.125,127,160.2
2000-10-23,2.875,15.0,121,166.5
2000-10-24,2.125,8.875,117,159.2
2000-10-25,1.54175,6.0,125,164.0
2000-10-26,2.0,7.625,104,171.0
2000-10-27,1.124875,4.5,114,175.9
2000-10-28,2.875,20.125,151,182.2
2000-10-29,4.0,34.0,161,187.1
2000-10-30,2.625125,15.375,154,193.7
2000-10-31,2.6667499999999995,12.875,158,193.4
2000-11-01,1.7081250000000001,7.25,207,204.4
2000-11-02,0.8751249999999999,4.0,218,196.3
2000-11-03,0.83325,3.25,209,198.8
2000-11-04,3.8751250000000006,26.25,192,194.7
2000-11-05,2.791625,14.5,197,186.4
2000-11-06,4.958375,54.625,160,178.1
2000-11-07,4.458375,46.375,181,179.9
2000-11-08,3.083375,18.125,188,172.8
2000-11-09,2.583375,13.0,141,166.2
2000-11-10,4.374874999999999,41.5,149,153.4
2000-11-11,2.9998750000000003,16.125,133,149.6
2000-11-12,3.375,19.625,107,146.6
2000-11-13,2.166625,8.75,104,143.7
2000-11-14,1.2918749999999999,5.25,124,148.6
2000-11-15,1.0,4.0,145,146.5
2000-11-16,0.625,2.625,141,154.2
2000-11-17,0.583375,2.625,139,163.3
2000-11-18,1.08325,4.875,172,177.1
2000-11-19,1.75,6.375,185,174.9
2000-11-20,1.958375,8.0,163,173.7
2000-11-21,2.291625,9.25,178,185.4
2000-11-22,2.04175,8.125,167,194.9
2000-11-23,1.5002499999999999,5.75,135,205.3
2000-11-24,2.333375,11.25,145,197.1
2000-11-25,1.458375,6.5,109,282.1
2000-11-26,3.541875,28.5,87,202.4
2000-11-27,4.500125000000001,44.75,124,191.7
2000-11-28,4.166625,30.875,157,195.5
2000-11-29,4.75,55.625,182,188.4
2000-11-30,1.625125,5.875,204,192.3
2000-12-01,1.5,5.75,159,184.5
2000-12-02,0.79175,3.125,150,167.0
2000-12-03,2.291625,10.375,162,163.6
2000-12-04,2.1251249999999997,9.125,99,152.0
2000-12-05,1.20825,4.625,89,147.0
2000-12-06,1.75,7.375,78,141.0
2000-12-07,2.9582499999999996,15.125,93,144.2
2000-12-08,3.3332499999999996,18.5,78,138.3
2000-12-09,3.2498749999999994,18.0,80,134.7
2000-12-10,2.5,10.875,85,146.6
2000-12-11,2.0001249999999997,8.5,99,143.6
2000-12-12,1.33325,5.125,122,149.8
2000-12-13,1.125125,4.75,157,164.6
2000-12-14,0.58325,2.75,185,182.2
2000-12-15,0.4583750000000001,2.25,210,187.8
2000-12-16,0.749875,3.0,199,190.5
2000-12-17,2.0415,8.875,207,196.7
2000-12-18,2.2085,8.875,190,198.0
2000-12-19,1.33325,5.0,162,198.6
2000-12-20,0.66675,2.75,174,201.3
2000-12-21,0.958375,3.75,159,194.5
2000-12-22,1.29175,6.125,147,190.0
2000-12-23,3.166625,21.25,140,190.9
2000-12-24,1.29175,5.5,158,193.0
2000-12-25,1.541625,6.5,148,187.0
2000-12-26,1.375,5.5,166,188.8
2000-12-27,1.874875,7.75,162,187.6
2000-12-28,1.4165,6.0,162,185.4
2000-12-29,1.45825,6.25,151,181.5
2000-12-30,0.79175,3.25,152,182.1
2000-12-31,0.45825000000000005,2.0,119,169.5
2001-01-01,0.541625,2.5,133,171.0
2001-01-02,0.791625,3.5,140,176.1
2001-01-03,1.916625,8.5,131,169.9
2001-01-04,2.458125,10.75,146,174.6
2001-01-05,1.0833750000000002,4.875,164,176.3
2001-01-06,1.0,4.0,194,179.4
2001-01-07,1.25,4.75,195,176.7
2001-01-08,2.16675,10.5,157,167.1
2001-01-09,1.333375,5.0,172,166.3
2001-01-10,1.208125,5.375,151,162.8
2001-01-11,1.6668749999999999,7.125,172,165.9
2001-01-12,1.541625,7.375,175,178.3
2001-01-13,1.5,6.0,166,184.3
2001-01-14,1.916625,7.5,149,176.3
2001-01-15,1.541625,6.25,137,169.2
2001-01-16,1.33325,5.625,112,161.9
2001-01-17,1.58325,6.5,88,151.9
2001-01-18,1.041625,3.875,90,151.5
2001-01-19,1.08325,4.125,109,152.5
2001-01-20,2.125,9.375,91,153.2
2001-01-21,3.2917500000000004,18.625,121,151.5
2001-01-22,2.666625,12.25,139,162.1
2001-01-23,2.875,17.625,167,167.1
2001-01-24,3.208375,19.625,176,172.5
2001-01-25,1.375125,5.5,158,168.6
2001-01-26,2.458375,10.625,125,165.6
2001-01-27,1.0835,4.375,145,166.8
2001-01-28,1.875,8.25,152,167.6
2001-01-29,2.5,16.0,134,165.4
2001-01-30,0.70825,2.875,104,159.6
2001-01-31,2.91675,18.125,128,153.3
2001-02-01,2.041625,8.375,118,160.9
2001-02-02,1.33325,5.625,118,166.3
2001-02-03,0.249875,1.375,139,163.6
2001-02-04,0.291625,1.375,137,148.1
2001-02-05,0.6667500000000001,2.625,158,165.3
2001-02-06,2.75,14.0,166,170.0
2001-02-07,1.583375,6.25,167,164.0
2001-02-08,1.54175,5.875,167,156.5
2001-02-09,1.3332499999999998,5.0,172,162.4
2001-02-10,1.499875,5.625,158,160.7
2001-02-11,1.666625,6.5,151,151.3
2001-02-12,1.375,5.5,107,144.6
2001-02-13,3.75,24.625,107,141.3
2001-02-14,3.3751249999999997,18.875,103,137.9
2001-02-15,1.33325,5.25,113,135.1
2001-02-16,0.75,3.0,110,129.6
2001-02-17,0.58325,2.375,107,129.8
2001-02-18,0.583375,2.75,115,132.0
2001-02-19,1.125,4.375,113,137.0
2001-02-20,1.7085,6.875,115,145.5
2001-02-21,1.625,6.0,142,143.6
2001-02-22,1.333375,5.0,122,145.8
2001-02-23,2.291625,9.625,89,145.2
2001-02-24,0.91675,3.5,84,137.3
2001-02-25,0.541625,2.5,84,134.9
2001-02-26,2.0,9.625,87,135.4
2001-02-27,2.2917500000000004,12.375,75,130.6
2001-02-28,1.833375,8.625,77,131.8
2001-03-01,1.458375,6.0,76,131.4
2001-03-02,2.041625,8.5,77,129.7
2001-03-03,2.8335,15.0,110,139.6
2001-03-04,3.2917499999999995,19.375,134,141.0
2001-03-05,2.958375,19.5,152,155.8
2001-03-06,1.833375,6.875,133,157.8
2001-03-07,2.083375,8.75,124,176.6
2001-03-08,1.5835000000000001,6.5,92,167.2
2001-03-09,1.58325,6.125,115,161.4
2001-03-10,1.375,5.25,142,160.1
2001-03-11,0.916625,3.75,132,157.8
2001-03-12,2.1665,11.0,139,157.6
2001-03-13,2.166625,9.375,108,147.3
2001-03-14,1.7915,7.125,117,142.2
2001-03-15,0.45825000000000005,2.25,110,136.1
2001-03-16,0.45825000000000005,2.0,102,139.9
2001-03-17,1.0415,4.25,75,134.2
2001-03-18,1.875,7.75,89,139.8
2001-03-19,3.8332499999999996,36.625,96,147.0
2001-03-20,5.5417499999999995,74.125,117,153.3
2001-03-21,1.625,7.875,129,159.4
2001-03-22,2.083375,11.875,124,183.0
2001-03-23,4.0,28.5,165,180.0
2001-03-24,2.3332499999999996,11.25,218,218.7
2001-03-25,1.500125,5.875,272,216.8
2001-03-26,0.8751249999999999,3.625,319,263.7
2001-03-27,3.5,27.0,352,273.4
2001-03-28,4.375,44.5,343,273.5
2001-03-29,3.5001249999999997,21.75,340,261.7
2001-03-30,2.625,11.75,338,256.8
2001-03-31,7.624999999999999,191.75,300,245.6
2001-04-01,4.375,38.25,279,257.5
2001-04-02,3.541875,21.75,249,228.0
2001-04-03,1.666625,6.5,254,223.1
2001-04-04,3.166625,22.625,201,204.8
2001-04-05,3.2082499999999996,18.75,200,398.7
2001-04-06,2.6667499999999995,12.75,165,563.5
2001-04-07,3.2501250000000006,19.5,150,179.5
2001-04-08,4.833375,63.375,173,169.2
2001-04-09,3.333375,20.5,165,164.8
2001-04-10,2.3751249999999997,10.625,171,169.7
2001-04-11,4.625,85.25,173,159.6
2001-04-12,4.041625000000001,49.5,155,149.0
2001-04-13,4.29175,50.375,147,137.0
2001-04-14,3.2498750000000003,18.125,138,138.7
2001-04-15,2.666625,13.125,113,134.2
2001-04-16,1.9165,7.875,87,123.4
2001-04-17,1.624875,6.125,42,126.1
2001-04-18,4.083375,50.0,57,131.8
2001-04-19,1.541625,6.125,93,144.5
2001-04-20,1.54175,6.375,129,180.4
2001-04-21,1.70825,7.625,174,191.1
2001-04-22,4.333375,37.125,164,192.5
2001-04-23,2.833125,16.375,159,196.4
2001-04-24,1.499875,5.75,164,193.5
2001-04-25,1.58325,5.875,179,193.9
2001-04-26,1.625125,6.25,179,196.2
2001-04-27,1.08325,4.25,192,190.8
2001-04-28,4.2917499999999995,39.875,161,187.8
2001-04-29,2.41675,12.875,170,191.7
2001-04-30,0.291625,1.375,168,187.8
2001-05-01,0.79175,3.375,157,209.7
2001-05-02,1.208375,4.625,174,176.2
2001-05-03,1.583375,5.875,169,172.3
2001-05-04,1.66675,6.625,194,175.6
2001-05-05,0.583375,2.625,174,160.6
2001-05-06,1.20825,4.625,135,155.0
2001-05-07,2.5001250000000006,12.25,116,138.3
2001-05-08,2.7498750000000003,15.625,81,128.7
2001-05-09,4.583374999999999,39.375,93,129.4
2001-05-10,3.4167500000000004,23.25,88,130.4
2001-05-11,1.45825,6.375,118,136.6
2001-05-12,4.0415,30.375,124,138.1
2001-05-13,3.7497499999999997,27.125,125,138.9
2001-05-14,2.083375,10.75,150,138.2
2001-05-15,2.41675,11.25,141,142.1
2001-05-16,1.833375,7.375,146,137.8
2001-05-17,1.583375,5.875,140,147.4
2001-05-18,1.791625,7.5,137,138.2
2001-05-19,1.8335,9.5,125,141.3
2001-05-20,1.375,5.125,121,141.5
2001-05-21,0.8335,3.5,140,150.1
2001-05-22,1.8332499999999998,6.875,178,152.0
2001-05-23,2.208125,9.0,197,158.7
2001-05-24,1.25,4.875,174,170.3
2001-05-25,1.666625,6.875,165,161.9
2001-05-26,1.2085,4.625,174,147.4
2001-05-27,1.5415,8.25,182,146.9
2001-05-28,3.2082499999999996,18.25,151,143.0
2001-05-29,1.875,8.75,125,138.5
2001-05-30,0.6665,2.875,110,132.3
2001-05-31,0.5,2.375,101,132.8
2001-06-01,1.958375,9.375,88,133.0
2001-06-02,3.4582499999999996,22.5,150,134.0
2001-06-03,1.666625,6.25,150,145.3
2001-06-04,1.83325,7.25,145,153.8
2001-06-05,1.250125,4.875,161,153.4
2001-06-06,1.6665,6.25,180,157.7
2001-06-07,2.125,8.75,195,164.8
2001-06-08,1.875,7.25,215,180.2
2001-06-09,3.458375,25.0,254,177.0
2001-06-10,3.125,19.75,241,163.0
2001-06-11,1.95825,7.75,262,162.4
2001-06-12,1.125,4.375,259,166.4
2001-06-13,2.04175,8.0,242,181.4
2001-06-14,1.41675,6.625,273,194.7
2001-06-15,1.58325,7.125,282,196.9
2001-06-16,1.250125,4.75,289,207.6
2001-06-17,1.625,7.25,270,204.6
2001-06-18,4.291625,35.5,232,221.3
2001-06-19,2.4165,12.0,214,195.4
2001-06-20,2.4167500000000004,11.25,206,198.5
2001-06-21,2.6667499999999995,12.75,218,200.3
2001-06-22,1.249875,4.75,229,203.6
2001-06-23,1.2497500000000001,4.75,235,206.2
2001-06-24,1.91675,7.25,220,194.8
2001-06-25,1.5,5.5,198,182.4
2001-06-26,2.5415,13.125,173,167.9
2001-06-27,1.166625,6.0,162,147.9
2001-06-28,0.333125,1.875,135,140.2
2001-06-29,0.66675,2.75,112,139.9
2001-06-30,1.6665,6.375,98,136.6
2001-07-01,1.7085,7.25,111,135.4
2001-07-02,1.041625,4.125,125,134.3
2001-07-03,1.499875,5.75,120,131.9
2001-07-04,1.58325,5.875,107,127.0
2001-07-05,2.583375,11.5,93,119.6
2001-07-06,1.95825,7.75,68,116.4
2001-07-07,1.25,4.75,71,117.8
2001-07-08,2.625,14.25,81,126.3
2001-07-09,1.749875,10.375,107,130.0
2001-07-10,2.0415,8.875,105,130.0
2001-07-11,1.583375,7.25,104,131.9
2001-07-12,1.75,6.375,135,133.9
2001-07-13,1.375,5.5,167,133.3
2001-07-14,2.333375,12.5,149,140.8
2001-07-15,2.1251249999999997,10.375,153,142.1
2001-07-16,2.75,13.125,170,149.8
2001-07-17,2.916625,15.5,185,145.6
2001-07-18,2.0,8.0,191,143.0
2001-07-19,1.70825,6.75,183,142.3
2001-07-20,1.1665,4.5,177,142.6
2001-07-21,1.083375,4.25,144,139.0
2001-07-22,2.20825,8.5,150,140.4
2001-07-23,2.25,9.125,152,143.2
2001-07-24,2.583375,11.75,135,132.5
2001-07-25,3.4165,20.25,119,133.3
2001-07-26,2.2085,10.125,92,123.4
2001-07-27,1.666625,6.125,90,121.4
2001-07-28,0.5415,2.625,95,115.5
2001-07-29,1.458375,5.375,69,116.9
2001-07-30,1.70825,7.125,86,114.5
2001-07-31,3.7917500000000004,26.25,78,116.8
2001-08-01,2.125125,9.125,94,120.2
2001-08-02,1.45825,5.5,123,120.8
2001-08-03,2.5,11.75,141,131.6
2001-08-04,1.70825,6.25,175,148.4
2001-08-05,3.2917500000000004,21.25,198,156.0
2001-08-06,3.1665,16.875,182,163.7
2001-08-07,1.791625,7.0,179,166.3
2001-08-08,1.5,5.875,178,166.9
2001-08-09,1.791625,7.25,158,163.3
2001-08-10,1.625125,6.25,150,160.3
2001-08-11,0.91675,4.0,170,165.0
2001-08-12,2.33325,11.625,170,159.8
2001-08-13,3.416625,21.625,138,151.5
2001-08-14,2.375,9.875,141,147.3
2001-08-15,1.375125,5.125,161,146.7
2001-08-16,0.7084999999999999,3.125,193,142.6
2001-08-17,3.5832499999999996,41.875,178,144.9
2001-08-18,2.8332499999999996,14.75,161,156.1
2001-08-19,1.7915,7.875,152,157.5
2001-08-20,1.500125,6.25,153,156.1
2001-08-21,2.5417500000000004,13.0,167,160.2
2001-08-22,3.2082499999999996,19.375,170,161.5
2001-08-23,1.833375,8.25,181,169.7
2001-08-24,0.666625,2.875,176,174.9
2001-08-25,2.08325,10.0,140,199.0
2001-08-26,2.375,10.5,153,189.9
2001-08-27,2.416625,12.875,170,192.0
2001-08-28,2.333375,11.0,184,199.2
2001-08-29,1.416625,5.375,146,197.0
2001-08-30,2.1251249999999997,9.75,150,199.2
2001-08-31,2.583375,12.25,175,188.7
2001-09-01,1.083375,4.125,163,184.1
2001-09-02,1.083375,4.125,168,182.5
2001-09-03,3.0832499999999996,16.75,190,198.7
2001-09-04,2.9165,15.0,171,218.4
2001-09-05,1.7915,7.875,190,218.3
2001-09-06,1.375,5.125,223,222.2
2001-09-07,0.6251249999999999,2.875,262,226.1
2001-09-08,1.45825,6.0,288,249.5
2001-09-09,1.0,4.0,262,236.2
2001-09-10,0.791625,3.375,237,244.5
2001-09-11,1.916625,9.0,199,249.7
2001-09-12,2.6251249999999997,12.125,235,235.1
2001-09-13,2.8333749999999993,17.75,237,239.7
2001-09-14,1.9581250000000001,8.75,234,236.6
2001-09-15,3.416875,20.125,205,219.3
2001-09-16,1.875,7.625,191,207.1
2001-09-17,1.54175,6.0,177,199.1
2001-09-18,2.041875,10.625,215,203.8
2001-09-19,1.958375,8.75,226,198.8
2001-09-20,1.16675,4.5,289,226.8
2001-09-21,0.958375,4.0,273,238.6
2001-09-22,1.9165,8.5,259,255.2
2001-09-23,4.208375,41.0,294,258.5
2001-09-24,1.9168749999999999,8.5,316,279.3
2001-09-25,2.583375,32.75,305,275.1
2001-09-26,3.375125,26.0,277,282.6
2001-09-27,2.3332499999999996,11.125,278,269.5
2001-09-28,2.875,14.0,269,284.5
2001-09-29,3.875,28.0,251,239.5
2001-09-30,3.625,28.75,261,235.8
2001-10-01,4.833375,48.0,260,216.5
2001-10-02,4.958375,52.375,223,200.9
2001-10-03,5.41675,69.375,209,191.7
2001-10-04,3.083375,17.25,204,186.5
2001-10-05,1.70825,7.5,176,176.9
2001-10-06,1.75,7.0,161,180.4
2001-10-07,0.75,3.125,159,172.7
2001-10-08,2.958375,16.125,119,171.2
2001-10-09,3.041625,17.875,122,176.4
2001-10-10,1.875,6.875,151,178.7
2001-10-11,3.0,20.625,175,174.8
2001-10-12,4.083375,33.625,196,179.2
2001-10-13,2.375,10.75,167,179.5
2001-10-14,2.66675,13.125,178,191.9
2001-10-15,2.16675,9.5,190,192.9
2001-10-16,1.91675,7.375,187,207.2
2001-10-17,1.041625,4.25,195,217.4
2001-10-18,0.75,3.125,203,228.7
2001-10-19,1.91675,8.625,221,247.6
2001-10-20,2.4582499999999996,11.125,247,244.7
2001-10-21,4.0,57.375,238,224.1
2001-10-22,6.083375,96.375,209,232.7
2001-10-23,2.5832499999999996,17.125,221,226.4
2001-10-24,0.33325000000000005,1.75,209,238.7
2001-10-25,1.666625,6.75,233,238.9
2001-10-26,1.16675,4.5,238,236.5
2001-10-27,1.375125,5.625,221,246.5
2001-10-28,4.500125,43.625,215,227.2
2001-10-29,2.9167500000000004,14.25,186,215.8
2001-10-30,1.749875,7.125,159,226.0
2001-10-31,2.1665,12.5,144,221.1
2001-11-01,3.3751249999999997,24.125,159,235.6
2001-11-02,1.16675,5.375,166,213.5
2001-11-03,0.33325000000000005,1.75,166,216.0
2001-11-04,1.291625,5.25,184,227.3
2001-11-05,2.791625,21.0,216,234.6
2001-11-06,6.75,141.875,232,237.4
2001-11-07,2.9167500000000004,18.625,204,268.8
2001-11-08,1.541625,5.75,252,247.8
2001-11-09,1.25,4.75,247,270.8
2001-11-10,1.625,6.75,247,245.9
2001-11-11,1.33325,5.25,240,234.0
2001-11-12,0.5415,2.25,201,227.3
2001-11-13,1.000125,4.0,196,231.6
2001-11-14,0.66675,3.0,196,217.2
2001-11-15,1.541625,8.875,194,207.0
2001-11-16,1.874875,7.125,149,202.1
2001-11-17,2.75,13.125,141,198.5
2001-11-18,2.416625,10.5,153,188.2
2001-11-19,3.3748750000000003,19.5,134,191.3
2001-11-20,1.499875,8.375,144,185.0
2001-11-21,1.041625,4.125,133,184.2
2001-11-22,2.208375,9.0,144,282.5
2001-11-23,2.75,12.75,133,177.3
2001-11-24,5.8332500000000005,103.625,111,173.0
2001-11-25,1.9585,8.25,121,170.0
2001-11-26,1.0835,4.5,139,174.8
2001-11-27,0.458375,2.125,126,190.4
2001-11-28,0.541625,2.375,177,198.5
2001-11-29,0.6665,2.875,191,216.4
2001-11-30,0.49987499999999996,2.375,201,225.8
2001-12-01,1.62525,6.625,215,221.3
2001-12-02,1.20825,4.5,241,245.0
2001-12-03,1.874875,8.5,242,235.0
2001-12-04,2.375,10.25,234,233.3
2001-12-05,2.375,10.75,255,237.0
2001-12-06,2.54175,11.375,229,246.7
2001-12-07,1.625,6.5,223,225.9
2001-12-08,1.54175,6.5,226,220.5
2001-12-09,0.625,2.625,228,224.2
2001-12-10,0.833375,3.5,186,219.0
2001-12-11,1.041875,4.125,171,220.6
2001-12-12,2.583125,11.375,189,236.7
2001-12-13,0.875,3.375,192,220.2
2001-12-14,1.16675,4.25,163,245.8
2001-12-15,2.20825,9.25,174,217.8
2001-12-16,2.33325,10.375,194,209.1
2001-12-17,3.000125,15.625,192,205.5
2001-12-18,2.16675,9.25,186,211.8
2001-12-19,2.041625,8.375,160,208.2
2001-12-20,1.166625,4.375,163,221.1
2001-12-21,2.625,13.75,194,234.3
2001-12-22,2.0,8.5,218,242.8
2001-12-23,1.75,6.625,215,254.6
2001-12-24,3.5832500000000005,23.375,253,274.5
2001-12-25,2.1251249999999997,8.875,231,258.8
2001-12-26,1.5,5.875,270,267.8
2001-12-27,1.708375,6.625,265,274.6
2001-12-28,1.208375,4.5,252,655.6
2001-12-29,2.5,11.375,221,264.4
2001-12-30,3.3332500000000005,20.75,216,246.6
2001-12-31,2.7498750000000003,14.625,218,245.6
2002-01-01,1.916625,7.75,220,232.2
2002-01-02,1.91675,7.625,218,231.1
2002-01-03,0.500125,2.25,220,220.3
2002-01-04,0.6668749999999999,3.0,230,218.2
2002-01-05,0.49975000000000014,2.375,191,212.2
2002-01-06,0.499875,2.125,159,196.6
2002-01-07,1.70825,6.875,146,188.6
2002-01-08,2.16675,10.625,162,199.2
2002-01-09,0.583375,2.375,196,228.5
2002-01-10,2.9998750000000003,18.625,186,224.6
2002-01-11,3.916499999999999,27.125,209,228.9
2002-01-12,3.1251249999999997,17.25,209,233.3
2002-01-13,2.7498750000000003,12.875,201,240.7
2002-01-14,2.0,7.625,197,229.0
2002-01-15,1.83325,6.625,168,218.3
2002-01-16,0.8751249999999999,3.5,141,216.1
2002-01-17,2.1248750000000003,8.5,120,211.8
2002-01-18,1.20825,5.125,139,210.5
2002-01-19,2.5417500000000004,14.25,160,213.7
2002-01-20,2.2501249999999997,9.75,176,222.2
2002-01-21,2.54175,11.375,191,224.5
2002-01-22,1.583375,5.75,194,228.7
2002-01-23,2.083375,8.375,227,226.5
2002-01-24,0.8748750000000001,4.125,186,230.8
2002-01-25,2.0835,10.375,157,234.8
2002-01-26,1.95825,7.625,172,256.5
2002-01-27,1.958375,7.625,191,248.0
2002-01-28,1.875,7.25,196,259.8
2002-01-29,1.125125,4.375,188,261.0
2002-01-30,0.583375,2.625,193,256.3
2002-01-31,1.33325,6.375,181,242.6
2002-02-01,2.7082499999999996,14.0,179,245.6
2002-02-02,3.2082499999999996,19.125,214,240.6
2002-02-03,1.125,4.375,252,232.9
2002-02-04,1.416625,5.625,243,234.6
2002-02-05,3.4582500000000005,22.625,239,220.6
2002-02-06,3.5417499999999995,21.75,198,202.5
2002-02-07,2.916625,14.875,165,191.7
2002-02-08,2.541625,11.375,165,191.5
2002-02-09,2.458375,11.25,174,199.4
2002-02-10,2.083375,9.0,166,216.5
2002-02-11,2.8332500000000005,13.5,173,201.7
2002-02-12,2.0413750000000004,9.125,174,208.3
2002-02-13,2.4582499999999996,11.875,165,203.5
2002-02-14,0.583375,2.625,146,196.1
2002-02-15,0.833375,3.375,163,195.0
2002-02-16,1.20825,4.75,125,193.5
2002-02-17,2.45825,11.625,144,196.6
2002-02-18,2.2501249999999997,10.625,127,192.8
2002-02-19,1.41675,5.875,124,189.4
2002-02-20,1.9585,7.75,151,193.4
2002-02-21,2.0,7.75,128,201.1
2002-02-22,1.833375,7.75,133,191.9
2002-02-23,1.0,4.0,149,188.2
2002-02-24,1.416625,5.25,157,192.8
2002-02-25,1.666625,6.125,192,210.6
2002-02-26,2.0001249999999997,7.5,195,207.5
2002-02-27,1.375125,5.5,170,198.6
2002-02-28,3.5,25.375,154,204.2
2002-03-01,1.79175,10.25,163,187.7
2002-03-02,1.4581250000000001,5.5,117,191.0
2002-03-03,2.416625,11.0,167,182.7
2002-03-04,2.3751249999999997,10.125,170,174.9
2002-03-05,3.4998750000000003,21.125,158,172.2
2002-03-06,3.166625,17.25,167,177.8
2002-03-07,2.125,9.125,139,179.7
2002-03-08,1.0415,4.25,118,176.8
2002-03-09,1.16675,4.75,111,207.7
2002-03-10,1.7915,8.625,117,179.3
2002-03-11,2.2083749999999998,9.75,154,182.3
2002-03-12,2.5,10.875,135,178.4
2002-03-13,1.25,4.75,138,184.3
2002-03-14,0.58325,2.75,130,180.7
2002-03-15,1.124875,4.75,150,175.9
2002-03-16,0.791625,3.25,141,184.6
2002-03-17,0.375,1.75,132,184.4
2002-03-18,2.375,14.25,138,178.1
2002-03-19,2.6666250000000002,18.75,114,174.8
2002-03-20,1.6665,9.25,127,187.8
2002-03-21,1.791625,6.875,142,174.1
2002-03-22,1.458375,6.375,139,171.6
2002-03-23,2.29175,13.375,158,170.4
2002-03-24,4.666625,44.75,166,175.3
2002-03-25,1.708375,6.875,163,170.0
2002-03-26,2.541625,11.375,151,165.7
2002-03-27,0.8751249999999999,3.625,172,169.1
2002-03-28,0.54175,2.5,160,176.2
2002-03-29,0.9998750000000001,4.625,170,181.3
2002-03-30,3.3748750000000003,19.875,166,188.7
2002-03-31,3.416625,20.0,187,204.4
2002-04-01,3.2082499999999996,18.375,180,207.0
2002-04-02,2.5832499999999996,14.0,201,206.0
2002-04-03,2.791625,14.0,195,209.4
2002-04-04,1.3752499999999999,5.125,197,216.2
2002-04-05,0.7497500000000001,3.25,197,217.4
2002-04-06,0.95825,3.875,211,206.3
2002-04-07,1.75,7.125,214,207.9
2002-04-08,0.41675000000000006,2.0,208,206.2
2002-04-09,0.708375,3.125,229,205.0
2002-04-10,1.33325,5.375,220,194.3
2002-04-11,2.9163749999999995,15.25,235,197.4
2002-04-12,3.0001249999999997,15.75,251,211.9
2002-04-13,3.2082499999999996,17.0,223,226.0
2002-04-14,2.2914999999999996,13.125,232,210.3
2002-04-15,1.45825,5.5,214,203.3
2002-04-16,1.625125,6.625,175,195.7
2002-04-17,4.75,62.0,146,193.5
2002-04-18,5.2917499999999995,63.375,164,188.2
2002-04-19,5.25,62.125,161,179.7
2002-04-20,5.333375,70.5,158,177.3
2002-04-21,1.375,5.375,147,173.4
2002-04-22,2.29175,10.75,144,169.9
2002-04-23,3.541499999999999,27.25,177,175.3
2002-04-24,1.83325,7.375,232,176.9
2002-04-25,0.66675,2.75,228,167.3
2002-04-26,0.708125,3.125,156,162.6
2002-04-27,2.2498750000000003,10.375,136,156.9
2002-04-28,3.3332499999999996,19.75,110,147.1
2002-04-29,2.125,8.875,135,153.0
2002-04-30,1.75,6.625,132,153.4
2002-05-01,0.875,3.625,158,162.4
2002-05-02,1.25,5.0,177,169.0
2002-05-03,1.291625,4.875,231,179.1
2002-05-04,1.1668749999999999,4.5,258,189.5
2002-05-05,0.70825,3.125,267,180.0
2002-05-06,1.75,7.625,231,190.8
2002-05-07,1.95825,8.125,244,186.8
2002-05-08,1.958375,8.0,220,186.6
2002-05-09,1.458375,5.875,196,190.0
2002-05-10,2.875,14.875,207,191.0
2002-05-11,4.0417499999999995,48.875,214,188.0
2002-05-12,2.8333749999999993,15.0,202,183.3
2002-05-13,1.791625,8.125,161,172.0
2002-05-14,4.0835,29.25,118,160.7
2002-05-15,2.541625,11.5,115,159.2
2002-05-16,1.833375,6.625,130,158.4
2002-05-17,1.2915,5.0,134,157.1
2002-05-18,2.0415,14.25,144,163.0
2002-05-19,1.791625,10.75,144,170.9
2002-05-20,2.291625,10.125,166,171.3
2002-05-21,2.0,10.0,188,185.9
2002-05-22,1.958375,7.5,213,181.1
2002-05-23,4.7917499999999995,77.875,211,180.3
2002-05-24,0.37487499999999996,2.0,199,189.1
2002-05-25,0.9165,3.75,197,182.6
2002-05-26,1.6665,6.75,188,183.1
2002-05-27,3.458375,21.875,191,186.7
2002-05-28,2.2498750000000003,9.0,185,186.4
2002-05-29,1.625125,6.875,177,184.8
2002-05-30,1.541625,5.625,160,180.1
2002-05-31,0.7501249999999999,3.25,186,181.9
2002-06-01,0.83325,3.5,181,178.8
2002-06-02,3.041625,16.0,188,174.9
2002-06-03,2.166625,9.625,194,170.4
2002-06-04,2.708375,13.25,219,169.8
2002-06-05,1.5415,6.375,184,159.0
2002-06-06,1.124875,4.375,197,154.5
2002-06-07,1.249875,4.875,197,158.3
2002-06-08,2.4585,13.875,185,155.2
2002-06-09,2.0835,8.375,165,157.1
2002-06-10,2.7917500000000004,13.75,128,151.6
2002-06-11,2.08325,7.75,99,147.8
2002-06-12,1.625125,6.25,109,141.7
2002-06-13,1.83325,7.125,80,133.4
2002-06-14,1.0001250000000002,4.0,107,131.4
2002-06-15,0.9167500000000001,3.875,102,135.3
2002-06-16,1.875125,7.375,117,136.7
2002-06-17,1.125,4.5,88,142.9
2002-06-18,2.083375,10.125,127,142.9
2002-06-19,2.5,11.375,115,145.8
2002-06-20,1.375125,5.125,108,145.1
2002-06-21,1.7915,6.75,83,139.6
2002-06-22,1.458375,5.75,83,142.0
2002-06-23,2.20825,9.125,95,142.8
2002-06-24,1.375,5.125,108,150.3
2002-06-25,1.875,7.875,111,144.7
2002-06-26,1.291625,5.375,108,143.8
2002-06-27,0.458125,2.25,96,138.6
2002-06-28,0.49987500000000007,2.5,88,137.3
2002-06-29,1.2915,5.125,96,142.7
2002-06-30,2.666625,12.0,105,146.5
2002-07-01,2.708375,13.5,94,147.4
2002-07-02,1.166625,4.625,99,148.5
2002-07-03,0.916875,3.75,129,172.5
2002-07-04,1.041625,4.75,133,146.3
2002-07-05,2.4998750000000003,11.75,142,138.8
2002-07-06,3.6248750000000003,22.125,121,133.5
2002-07-07,1.9165,7.875,107,136.9
2002-07-08,1.875,8.375,102,130.9
2002-07-09,2.708375,12.375,103,136.3
2002-07-10,1.875,6.875,94,128.8
2002-07-11,1.333375,5.375,99,136.4
2002-07-12,3.16675,18.625,84,133.2
2002-07-13,1.583375,5.75,116,134.9
2002-07-14,0.5,2.5,126,143.8
2002-07-15,1.041625,4.125,155,323.6
2002-07-16,2.458375,12.0,160,171.5
2002-07-17,3.25,19.625,147,180.0
2002-07-18,1.16675,4.875,149,180.7
2002-07-19,1.95825,10.375,134,182.3
2002-07-20,3.041625,17.5,124,184.8
2002-07-21,3.166625,20.0,124,182.8
2002-07-22,3.041625,15.875,147,189.7
2002-07-23,3.0417500000000004,17.0,196,198.3
2002-07-24,1.79175,6.75,209,208.4
2002-07-25,2.6251249999999997,12.125,215,217.7
2002-07-26,2.66675,12.25,265,241.5
2002-07-27,3.2082499999999996,17.375,294,230.8
2002-07-28,2.41675,10.625,310,238.8
2002-07-29,2.166625,10.5,293,234.0
2002-07-30,1.58325,6.5,281,227.2
2002-07-31,1.708375,6.875,239,208.5
2002-08-01,3.541625,25.375,207,192.6
2002-08-02,4.458375,42.375,199,180.3
2002-08-03,2.7501249999999997,14.25,183,167.8
2002-08-04,2.4582500000000005,12.875,143,150.9
2002-08-05,1.166625,4.5,127,141.9
2002-08-06,0.916625,3.75,131,144.6
2002-08-07,1.125,4.375,133,136.2
2002-08-08,1.541625,6.375,115,134.6
2002-08-09,2.583375,13.5,110,140.1
2002-08-10,2.8335,15.375,110,148.4
2002-08-11,2.5,13.375,149,172.3
2002-08-12,2.5835,11.75,177,183.9
2002-08-13,2.0,8.25,202,191.8
2002-08-14,2.541875,12.125,267,208.1
2002-08-15,3.2498750000000003,22.125,279,210.3
2002-08-16,2.291625,11.125,263,213.8
2002-08-17,1.95825,8.375,281,226.7
2002-08-18,2.8748750000000003,20.625,270,241.0
2002-08-19,4.041625,29.625,248,237.0
2002-08-20,3.416625,30.125,211,227.5
2002-08-21,3.9582500000000005,31.5,192,219.9
2002-08-22,1.79175,7.75,172,220.1
2002-08-23,1.66675,6.75,186,224.5
2002-08-24,1.083375,4.25,149,195.6
2002-08-25,1.29175,5.0,148,178.6
2002-08-26,2.958375,16.5,119,168.6
2002-08-27,2.7501249999999997,13.0,121,161.4
2002-08-28,1.83325,6.75,122,163.2
2002-08-29,1.875,8.5,124,169.3
2002-08-30,1.91675,8.25,146,171.9
2002-08-31,1.791625,7.375,160,180.3
2002-09-01,2.333375,11.125,206,180.5
2002-09-02,1.833375,8.125,233,173.8
2002-09-03,1.5,6.875,252,171.4
2002-09-04,4.583375000000001,41.875,247,171.3
2002-09-05,1.833375,7.375,226,175.2
2002-09-06,1.83325,7.0,202,178.1
2002-09-07,4.208375,56.875,206,182.8
2002-09-08,3.4167500000000004,36.5,213,191.6
2002-09-09,1.79175,9.0,199,206.0
2002-09-10,3.5417500000000004,23.625,202,220.5
2002-09-11,3.708375,26.0,187,216.1
2002-09-12,2.875,14.0,187,212.4
2002-09-13,2.3332499999999996,10.75,187,206.1
2002-09-14,1.916625,8.0,149,206.9
2002-09-15,1.625,6.0,166,187.8
2002-09-16,1.374875,5.75,170,182.6
2002-09-17,2.3751249999999997,10.875,199,194.0
2002-09-18,2.8751249999999997,14.25,207,176.8
2002-09-19,2.79175,15.25,192,165.3
2002-09-20,1.0,4.0,195,164.4
2002-09-21,1.54175,6.125,182,158.6
2002-09-22,1.708375,6.5,185,160.0
2002-09-23,0.41674999999999995,1.875,192,153.8
2002-09-24,0.583125,2.5,177,157.9
2002-09-25,0.499875,2.125,190,153.4
2002-09-26,1.3335,5.375,154,149.9
2002-09-27,1.458375,6.0,154,151.6
2002-09-28,1.20825,4.625,137,148.6
2002-09-29,0.875,3.625,130,138.1
2002-09-30,3.833375,28.25,110,139.7
2002-10-01,5.00025,67.375,90,139.8
2002-10-02,4.416625,53.0,109,135.8
2002-10-03,4.500125,45.0,104,145.9
2002-10-04,5.25,64.375,93,157.5
2002-10-05,3.8748749999999994,27.75,118,155.1
2002-10-06,2.79175,15.125,126,161.7
2002-10-07,4.875125000000001,48.0,123,163.8
2002-10-08,4.124874999999999,33.0,157,165.4
2002-10-09,3.291625,19.75,164,167.2
2002-10-10,2.916625,15.875,200,171.9
2002-10-11,1.66675,6.0,188,179.4
2002-10-12,1.54175,5.75,189,180.4
2002-10-13,1.375125,5.125,185,179.2
2002-10-14,3.5835,22.75,177,181.2
2002-10-15,3.2085,17.75,180,176.8
2002-10-16,2.91675,18.5,199,182.5
2002-10-17,2.6667500000000004,12.625,171,178.9
2002-10-18,2.8332500000000005,13.625,183,172.6
2002-10-19,2.7917500000000004,13.625,186,179.5
2002-10-20,2.3751249999999997,10.5,189,180.3
2002-10-21,2.0835,8.0,144,182.5
2002-10-22,2.2085,10.0,136,169.4
2002-10-23,2.33325,11.0,119,163.6
2002-10-24,5.458375,63.375,113,160.3
2002-10-25,4.45825,39.0,119,172.9
2002-10-26,3.958375,27.0,126,158.0
2002-10-27,3.7501249999999997,25.0,130,157.1
2002-10-28,3.291625,18.875,135,158.3
2002-10-29,2.875125,14.375,177,161.6
2002-10-30,2.875,16.0,186,167.7
2002-10-31,3.3748750000000003,19.625,171,170.2
2002-11-01,1.83325,6.75,191,162.2
2002-11-02,3.958375,27.875,177,164.6
2002-11-03,4.41675,35.125,190,169.2
2002-11-04,3.6667500000000004,23.375,165,177.4
2002-11-05,3.708375,23.5,188,183.1
2002-11-06,3.583125,21.375,211,184.5
2002-11-07,2.708375,12.875,223,189.8
2002-11-08,1.20825,4.625,188,189.0
2002-11-09,1.291875,5.75,199,190.6
2002-11-10,2.833375,17.125,194,191.4
2002-11-11,2.541625,11.875,176,184.7
2002-11-12,3.0,16.625,154,178.2
2002-11-13,2.625125,13.0,145,182.4
2002-11-14,2.083375,8.25,160,184.1
2002-11-15,2.625,11.75,157,197.5
2002-11-16,1.541625,7.125,137,199.2
2002-11-17,1.583375,7.125,140,184.7
2002-11-18,2.291625,9.875,128,178.9
2002-11-19,2.83325,14.5,114,168.2
2002-11-20,3.20825,25.375,145,159.1
2002-11-21,4.95825,49.625,126,150.9
2002-11-22,3.8335,25.5,122,149.1
2002-11-23,3.083375,16.875,119,147.5
2002-11-24,3.0,15.125,103,146.2
2002-11-25,3.0,15.25,86,136.8
2002-11-26,2.33325,12.875,76,142.3
2002-11-27,3.458375,23.625,105,142.6
2002-11-28,2.6667499999999995,12.5,108,139.7
2002-11-29,2.8332499999999996,13.625,94,141.3
2002-11-30,3.083375,16.0,94,146.2
2002-12-01,3.291625,18.0,121,149.6
2002-12-02,2.7501249999999997,12.875,110,146.1
2002-12-03,2.4585,10.75,107,145.9
2002-12-04,2.5835,12.125,134,148.7
2002-12-05,2.16675,8.625,137,148.7
2002-12-06,2.166625,9.125,137,148.2
2002-12-07,3.291625,17.875,132,151.1
2002-12-08,2.541625,12.125,164,154.4
2002-12-09,1.333375,5.625,179,156.3
2002-12-10,1.249875,4.875,157,161.4
2002-12-11,1.125,4.375,124,152.3
2002-12-12,1.2081250000000001,4.625,109,153.1
2002-12-13,1.166625,4.5,126,166.9
2002-12-14,2.7082499999999996,13.25,208,185.9
2002-12-15,1.95825,7.875,199,203.0
2002-12-16,1.375125,5.125,216,202.9
2002-12-17,0.666625,2.875,234,212.5
2002-12-18,0.6667500000000001,3.0,224,196.9
2002-12-19,3.75,25.375,224,192.9
2002-12-20,3.4165,21.0,208,196.6
2002-12-21,3.0001249999999997,21.25,187,183.9
2002-12-22,2.2915,10.25,174,172.0
2002-12-23,3.70825,23.5,126,158.9
2002-12-24,3.2501249999999997,20.125,95,147.3
2002-12-25,2.625,12.125,59,131.9
2002-12-26,2.7917500000000004,15.375,54,127.4
2002-12-27,4.416625,36.75,49,116.5
2002-12-28,3.3332499999999996,19.125,45,116.9
2002-12-29,2.708375,12.625,52,114.8
2002-12-30,2.5,11.0,49,113.8
2002-12-31,1.666625,7.0,55,115.1
2003-01-01,1.83325,7.125,52,115.0
2003-01-02,1.5835,5.875,45,118.3
2003-01-03,2.8751249999999997,18.375,110,137.6
2003-01-04,2.9582500000000005,16.5,109,143.0
2003-01-05,1.875125,7.0,114,148.1
2003-01-06,1.0,4.125,144,162.1
2003-01-07,1.54175,6.0,151,163.2
2003-01-08,1.000125,4.0,181,173.7
2003-01-09,0.666625,2.625,182,182.9
2003-01-10,2.541625,12.0,196,184.7
2003-01-11,1.958375,9.625,196,188.8
2003-01-12,2.08325,8.0,174,173.4
2003-01-13,1.66675,7.0,157,171.8
2003-01-14,2.08325,9.0,157,164.0
2003-01-15,1.708375,6.625,141,149.9
2003-01-16,1.25,4.875,141,144.6
2003-01-17,1.708375,6.625,136,141.7
2003-01-18,2.6251249999999997,11.875,129,137.4
2003-01-19,3.2498750000000003,17.875,146,130.2
2003-01-20,3.1667500000000004,18.75,156,138.0
2003-01-21,3.333375,18.375,114,133.6
2003-01-22,3.25,19.25,144,129.5
2003-01-23,3.1665,20.25,117,135.9
2003-01-24,3.208375,17.625,127,129.8
2003-01-25,3.833375,28.25,99,128.9
2003-01-26,3.375,19.75,121,125.0
2003-01-27,2.0001249999999997,10.25,142,121.3
2003-01-28,2.541625,12.75,142,125.6
2003-01-29,2.875,16.125,141,124.4
2003-01-30,3.6667500000000004,25.375,104,121.2
2003-01-31,3.0417500000000004,17.375,69,120.4
2003-02-01,2.41675,14.5,66,125.8
2003-02-02,5.16675,52.5,71,126.7
2003-02-03,3.5417500000000004,22.375,59,132.5
2003-02-04,4.000125000000001,31.125,58,134.8
2003-02-05,2.8335,14.25,82,140.1
2003-02-06,2.875,14.5,112,149.5
2003-02-07,2.7497499999999997,12.75,135,147.3
2003-02-08,3.083375,15.875,143,139.2
2003-02-09,3.333125,19.0,153,141.4
2003-02-10,2.916625,16.0,120,136.2
2003-02-11,2.166625,10.25,120,134.9
2003-02-12,2.6248750000000003,12.75,117,131.6
2003-02-13,1.54175,6.875,97,130.6
2003-02-14,3.375,19.5,74,131.4
2003-02-15,3.583375,22.625,51,123.6
2003-02-16,3.20825,17.25,33,118.5
2003-02-17,2.625,12.0,16,112.1
2003-02-18,3.333125,21.25,33,109.9
2003-02-19,2.70825,13.0,54,116.3
2003-02-20,3.20825,17.375,72,118.3
2003-02-21,2.75,13.625,76,119.6
2003-02-22,2.5,11.25,56,106.6
2003-02-23,2.4998750000000003,10.75,46,104.0
2003-02-24,1.541875,5.625,46,102.0
2003-02-25,1.2085,4.625,53,101.6
2003-02-26,2.791625,15.0,49,109.4
2003-02-27,4.08325,29.5,71,117.6
2003-02-28,3.083375,17.5,56,124.9
2003-03-01,2.833375,14.625,79,138.1
2003-03-02,2.54175,11.25,97,147.3
2003-03-03,3.2915,23.875,94,149.1
2003-03-04,4.333374999999999,33.625,132,146.0
2003-03-05,3.3332499999999996,18.75,107,148.5
2003-03-06,3.9583749999999993,26.75,104,150.3
2003-03-07,2.9165,15.25,130,149.9
2003-03-08,1.9997500000000001,8.5,109,148.3
2003-03-09,2.416625,11.25,147,152.7
2003-03-10,3.0001249999999997,15.875,117,143.7
2003-03-11,2.5,11.875,114,141.5
2003-03-12,2.041625,8.125,92,138.0
2003-03-13,2.625125,13.5,74,134.2
2003-03-14,3.458375,22.75,96,138.9
2003-03-15,3.875,26.125,104,130.7
2003-03-16,3.9582500000000005,31.125,102,128.6
2003-03-17,4.625125000000001,41.75,68,164.1
2003-03-18,3.8335,28.125,71,118.4
2003-03-19,2.6248750000000003,12.5,64,108.2
2003-03-20,3.583375,24.75,48,97.4
2003-03-21,4.0,30.125,38,91.0
2003-03-22,2.958375,16.125,13,89.0
2003-03-23,3.5001249999999997,22.0,45,93.0
2003-03-24,1.541625,6.25,54,97.8
2003-03-25,0.7916249999999999,3.25,86,108.8
2003-03-26,1.791625,7.5,115,127.2
2003-03-27,3.7917499999999995,25.25,134,141.1
2003-03-28,3.75,27.25,150,146.9
2003-03-29,4.416625,36.875,185,155.1
2003-03-30,4.54175,39.125,185,154.5
2003-03-31,4.416625,42.625,168,160.1
2003-04-01,3.125,18.0,152,153.0
2003-04-02,3.75,24.5,168,157.5
2003-04-03,3.1248749999999994,16.875,147,155.7
2003-04-04,4.041625,28.5,117,165.5
2003-04-05,3.958375,28.5,98,137.4
2003-04-06,2.125125,9.0,85,125.9
2003-04-07,1.250125,5.125,78,115.6
2003-04-08,3.5,22.5,55,112.3
2003-04-09,3.4998749999999994,22.125,69,109.4
2003-04-10,3.666625,22.875,62,103.7
2003-04-11,2.791625,14.125,41,102.6
2003-04-12,2.0415,8.75,60,102.1
2003-04-13,2.083125,9.125,62,102.4
2003-04-14,3.0,17.125,57,102.0
2003-04-15,3.0835,17.25,47,100.5
2003-04-16,4.25,33.0,26,98.5
2003-04-17,3.8751250000000006,28.25,31,101.0
2003-04-18,3.458125,21.125,44,107.8
2003-04-19,2.25,9.25,55,112.1
2003-04-20,2.7917500000000004,14.125,73,118.5
2003-04-21,3.583375,21.75,95,125.8
2003-04-22,3.6667500000000004,22.75,122,132.4
2003-04-23,3.2501249999999997,18.625,119,132.8
2003-04-24,3.8332500000000005,26.625,119,128.3
2003-04-25,4.25,33.0,145,143.6
2003-04-26,2.9998750000000003,15.375,140,143.7
2003-04-27,2.791625,13.375,168,154.1
2003-04-28,2.625,14.25,163,152.2
2003-04-29,3.2501249999999997,27.25,178,155.1
2003-04-30,4.749875,45.0,160,153.5
2003-05-01,4.54175,42.625,157,148.7
2003-05-02,2.75,15.375,137,156.5
2003-05-03,2.2498750000000003,9.25,151,147.7
2003-05-04,1.45825,5.375,153,142.0
2003-05-05,2.666625,14.5,148,128.8
2003-05-06,3.8332500000000005,27.875,124,122.0
2003-05-07,4.5,38.25,103,110.2
2003-05-08,4.583375,38.875,52,100.9
2003-05-09,4.041625,31.125,32,97.1
2003-05-10,4.08325,42.0,27,92.7
2003-05-11,3.9585,31.375,57,91.5
2003-05-12,3.4165,19.5,60,93.9
2003-05-13,3.7501249999999997,24.25,65,96.1
2003-05-14,4.0,28.75,68,96.3
2003-05-15,3.6248749999999994,22.125,79,99.2
2003-05-16,2.04175,8.75,81,102.6
2003-05-17,1.666625,6.625,62,102.4
2003-05-18,1.75,8.5,70,109.0
2003-05-19,2.33325,10.125,76,114.7
2003-05-20,2.29175,10.0,97,117.1
2003-05-21,3.5,28.875,79,119.3
2003-05-22,3.7498750000000003,26.125,103,118.4
2003-05-23,2.9998750000000003,15.5,91,117.9
2003-05-24,3.5001249999999997,20.875,59,116.8
2003-05-25,3.041625,16.5,62,121.1
2003-05-26,3.041625,16.5,83,125.1
2003-05-27,3.9167500000000004,29.5,91,128.8
2003-05-28,4.333375,34.125,99,130.2
2003-05-29,5.708374999999999,108.625,89,137.8
2003-05-30,5.0,58.625,70,117.2
2003-05-31,2.7498750000000003,19.625,67,113.1
2003-06-01,3.5001250000000006,22.125,64,112.3
2003-06-02,4.416625,37.625,58,121.4
2003-06-03,4.0,29.125,61,114.5
2003-06-04,3.5832499999999996,22.5,72,105.6
2003-06-05,2.4582499999999996,10.25,91,113.6
2003-06-06,2.708375,12.625,132,125.6
2003-06-07,3.8333749999999993,25.0,150,133.2
2003-06-08,4.375,36.875,155,153.4
2003-06-09,3.8332499999999996,28.375,170,158.3
2003-06-10,3.541625,23.875,170,176.5
2003-06-11,2.708375,12.5,178,192.9
2003-06-12,1.8331250000000001,6.875,176,163.5
2003-06-13,1.791625,8.625,147,151.0
2003-06-14,3.958375,28.25,124,133.5
2003-06-15,3.2501250000000006,18.5,97,128.7
2003-06-16,4.375,40.375,87,122.6
2003-06-17,4.95825,48.75,86,121.9
2003-06-18,5.2085,59.75,104,120.4
2003-06-19,2.833375,14.25,117,122.9
2003-06-20,2.5,11.125,114,116.9
2003-06-21,3.4585,21.625,95,115.0
2003-06-22,2.6251249999999997,12.375,94,110.2
2003-06-23,3.25,18.125,101,113.5
2003-06-24,3.5415,22.625,104,114.5
2003-06-25,3.0417500000000004,16.125,117,116.3
2003-06-26,3.1248750000000003,16.5,126,118.9
2003-06-27,4.16675,30.875,143,123.9
2003-06-28,4.54175,42.25,143,123.9
2003-06-29,3.7917500000000004,24.375,144,127.3
2003-06-30,3.083375,16.875,141,128.2
2003-07-01,2.041625,7.5,154,131.1
2003-07-02,2.583375,12.375,149,134.8
2003-07-03,3.083375,18.875,123,132.2
2003-07-04,3.583375,21.625,103,140.0
2003-07-05,3.25,17.875,86,141.9
2003-07-06,2.2498750000000003,9.375,97,129.6
2003-07-07,2.375,10.875,131,133.3
2003-07-08,0.666625,2.875,137,131.3
2003-07-09,0.958375,3.875,139,126.0
2003-07-10,1.791625,7.125,114,122.8
2003-07-11,5.0,52.25,94,122.0
2003-07-12,4.416625,43.375,105,121.5
2003-07-13,2.7498750000000003,12.75,148,126.5
2003-07-14,2.70825,13.5,148,127.2
2003-07-15,3.7501249999999997,28.0,162,125.8
2003-07-16,4.874875,48.125,162,133.1
2003-07-17,3.1667499999999995,17.875,173,138.7
2003-07-18,2.7501249999999997,15.125,186,139.7
2003-07-19,3.9582499999999996,29.75,197,146.0
2003-07-20,3.1667500000000004,17.25,248,157.3
2003-07-21,1.583375,7.125,225,155.6
2003-07-22,1.624875,6.0,190,152.5
2003-07-23,2.208375,9.25,154,144.1
2003-07-24,1.624875,7.25,120,125.2
2003-07-25,1.7915,7.875,72,111.6
2003-07-26,3.8747499999999997,32.625,43,102.6
2003-07-27,3.4167500000000004,22.125,51,101.7
2003-07-28,3.166625,20.75,77,103.4
2003-07-29,4.45825,38.125,66,99.9
2003-07-30,3.9998750000000003,27.125,59,98.7
2003-07-31,4.375125000000001,35.0,65,102.1
2003-08-01,4.49975,39.125,78,107.3
2003-08-02,3.5,21.0,89,111.4
2003-08-03,2.791625,13.5,121,120.0
2003-08-04,2.166625,9.75,116,122.5
2003-08-05,1.583375,7.0,138,130.6
2003-08-06,3.7917500000000004,32.125,132,128.7
2003-08-07,3.3751249999999997,32.125,124,137.0
2003-08-08,4.249874999999999,33.375,109,132.9
2003-08-09,2.83325,13.875,111,130.0
2003-08-10,2.16675,9.375,114,131.1
2003-08-11,2.25,9.5,114,129.2
2003-08-12,3.875,25.875,113,123.3
2003-08-13,2.8335,14.75,111,130.8
2003-08-14,2.8748750000000003,14.0,100,129.7
2003-08-15,2.5415,11.125,106,131.4
2003-08-16,2.041875,8.375,116,126.9
2003-08-17,2.4998750000000003,20.375,117,119.3
2003-08-18,6.541625,108.0,106,115.9
2003-08-19,3.0417500000000004,19.25,92,116.7
2003-08-20,2.833375,16.625,98,111.8
2003-08-21,5.291625,58.25,92,119.2
2003-08-22,4.91675,46.0,109,120.9
2003-08-23,4.375,36.375,121,120.2
2003-08-24,3.3332499999999996,19.75,130,116.4
2003-08-25,3.3332499999999996,20.25,130,116.5
2003-08-26,2.29175,10.625,141,120.8
2003-08-27,2.208375,8.5,143,125.7
2003-08-28,3.2915,18.25,151,118.7
2003-08-29,2.625,15.75,135,116.3
2003-08-30,2.6665,13.75,117,114.0
2003-08-31,1.66675,6.0,103,109.7
2003-09-01,2.5832499999999996,13.125,74,108.1
2003-09-02,2.5,12.0,74,105.7
2003-09-03,3.0,15.0,76,110.5
2003-09-04,3.5832499999999996,21.75,81,112.2
2003-09-05,2.9582499999999996,15.875,63,108.0
2003-09-06,2.20825,8.375,60,104.9
2003-09-07,0.9998750000000001,4.0,48,107.8
2003-09-08,1.25,5.375,40,98.8
2003-09-09,3.4165,22.0,27,95.9
2003-09-10,3.333375,21.25,40,99.3
2003-09-11,2.75,14.25,55,96.7
2003-09-12,2.2082499999999996,9.25,47,94.4
2003-09-13,1.7915,8.125,48,96.1
2003-09-14,1.124875,4.375,53,94.7
2003-09-15,0.95825,4.25,68,97.3
2003-09-16,4.291625,33.875,74,99.3
2003-09-17,5.624875,69.625,94,105.9
2003-09-18,5.04175,50.125,94,109.2
2003-09-19,4.541625,38.75,84,111.1
2003-09-20,3.8752500000000003,27.125,74,111.9
2003-09-21,3.2498749999999994,18.0,81,119.9
2003-09-22,3.041625,16.75,92,122.6
2003-09-23,2.9165,14.625,105,124.9
2003-09-24,4.625125000000001,40.625,103,133.5
2003-09-25,4.0832500000000005,28.25,108,132.6
2003-09-26,3.0,15.125,124,131.1
2003-09-27,1.166625,5.5,127,129.7
2003-09-28,0.9998750000000001,4.0,115,137.0
2003-09-29,1.083375,4.25,119,135.1
2003-09-30,1.16675,4.5,106,133.0
2003-10-01,2.041625,10.125,114,136.8
2003-10-02,1.875,7.625,102,124.8
2003-10-03,3.04175,17.125,93,120.1
2003-10-04,1.249875,5.25,73,119.0
2003-10-05,1.125,5.375,75,109.6
2003-10-06,2.0415,9.0,61,112.1
2003-10-07,2.916625,15.0,61,111.9
2003-10-08,1.7085,6.5,64,113.3
2003-10-09,1.499875,7.375,70,110.8
2003-10-10,0.5835,2.5,67,111.8
2003-10-11,0.416625,2.0,66,105.8
2003-10-12,0.874875,3.625,37,97.8
2003-10-13,2.9167500000000004,16.5,19,94.4
2003-10-14,5.166499999999999,66.5,19,92.4
2003-10-15,4.708375,43.75,19,95.9
2003-10-16,4.041499999999999,29.0,28,95.2
2003-10-17,4.04175,32.375,45,98.8
2003-10-18,3.8332499999999996,25.375,61,108.6
2003-10-19,4.45825,36.75,61,120.4
2003-10-20,4.375,36.375,70,135.1
2003-10-21,4.999999999999999,49.0,88,151.5
2003-10-22,4.125,33.625,87,191.0
2003-10-23,1.375,5.625,91,209.3
2003-10-24,3.583375,38.0,112,190.6
2003-10-25,2.958375,16.375,132,221.5
2003-10-26,2.125,9.625,133,298.3
2003-10-27,2.374875,11.25,199,257.2
2003-10-28,3.7501249999999997,24.875,247,274.4
2003-10-29,7.291875000000001,203.875,250,291.7
2003-10-30,7.0,191.125,250,271.4
2003-10-31,6.291625,116.5,239,248.9
2003-11-01,3.75,25.5,153,210.4
2003-11-02,3.291625,18.375,138,190.4
2003-11-03,2.75,12.875,89,166.9
2003-11-04,3.75,38.125,64,560.9
2003-11-05,1.45825,6.25,15,114.0
2003-11-06,2.5001249999999997,17.375,11,97.8
2003-11-07,1.916625,8.125,15,91.0
2003-11-08,1.875,8.0,26,92.7
2003-11-09,3.8751249999999997,28.875,48,93.0
2003-11-10,3.958500000000001,27.0,48,94.6
2003-11-11,5.458375,61.0,37,95.6
2003-11-12,4.04175,29.5,14,98.7
2003-11-13,5.041625,52.125,26,102.1
2003-11-14,4.500125000000001,37.5,28,98.9
2003-11-15,4.541625,40.5,41,97.8
2003-11-16,4.666625,40.625,52,104.4
2003-11-17,4.625,39.0,42,121.0
2003-11-18,3.8332499999999996,25.875,64,144.3
2003-11-19,2.5415,11.5,86,155.1
2003-11-20,6.29175,150.0,111,175.2
2003-11-21,4.083500000000001,42.375,119,177.0
2003-11-22,3.833375,30.125,102,176.2
2003-11-23,3.5417500000000004,22.5,134,178.2
2003-11-24,2.7082499999999996,12.875,132,177.3
2003-11-25,2.9165,14.25,151,170.7
2003-11-26,2.125,8.375,147,170.9
2003-11-27,1.5,5.625,163,174.7
2003-11-28,1.416625,5.375,149,167.7
2003-11-29,1.625,6.0,139,165.9
2003-11-30,2.458375,12.25,143,152.8
2003-12-01,2.2498750000000003,9.875,143,143.3
2003-12-02,1.58325,6.625,112,139.3
2003-12-03,0.8335,3.5,112,123.8
2003-12-04,1.333375,6.25,103,115.8
2003-12-05,4.5,38.875,92,111.7
2003-12-06,3.6667499999999995,23.125,70,108.9
2003-12-07,2.791625,14.125,50,92.0
2003-12-08,4.375125,35.375,40,93.7
2003-12-09,4.08325,29.125,25,92.2
2003-12-10,4.666625,41.0,39,89.2
2003-12-11,4.625,40.0,39,86.1
2003-12-12,3.833375,25.0,39,87.2
2003-12-13,3.9167500000000004,26.375,44,87.8
2003-12-14,3.875,27.0,48,92.4
2003-12-15,3.791875,25.375,47,100.8
2003-12-16,2.416875,10.25,61,106.3
2003-12-17,1.708375,6.625,106,117.5
2003-12-18,0.7501249999999999,3.0,110,123.0
2003-12-19,0.29175,1.375,110,122.5
2003-12-20,2.6248750000000003,16.0,115,130.1
2003-12-21,3.7498750000000003,23.875,93,133.4
2003-12-22,3.2915,17.75,115,137.6
2003-12-23,1.999875,7.375,118,142.0
2003-12-24,1.625125,6.375,92,138.9
2003-12-25,1.25,4.875,68,139.1
2003-12-26,1.833375,7.625,62,137.2
2003-12-27,2.333375,11.375,48,161.5
2003-12-28,2.75,13.25,53,119.0
2003-12-29,1.25,5.25,40,114.5
2003-12-30,1.4581250000000001,6.125,26,107.7
2003-12-31,3.0832499999999996,18.625,19,105.6
2004-01-01,3.791875,24.25,52,116.0
2004-01-02,2.9582499999999996,15.125,65,116.5
2004-01-03,3.5832499999999996,22.375,73,116.1
2004-01-04,3.6251249999999997,21.875,75,119.4
2004-01-05,3.8332499999999996,25.375,71,123.0
2004-01-06,3.29175,23.5,63,117.3
2004-01-07,4.041625,29.0,81,118.8
2004-01-08,1.666625,6.875,86,120.1
2004-01-09,3.5832500000000005,22.875,62,118.4
2004-01-10,3.791625,26.375,58,119.2
2004-01-11,3.0417499999999995,18.625,52,118.5
2004-01-12,1.95825,9.375,47,118.3
2004-01-13,3.291625,19.625,57,117.9
2004-01-14,2.5417500000000004,11.875,55,121.1
2004-01-15,3.0,17.75,70,119.1
2004-01-16,4.0,28.75,81,120.3
2004-01-17,3.291625,18.375,80,122.6
2004-01-18,3.1667499999999995,18.375,70,119.5
2004-01-19,3.208375,17.75,88,134.6
2004-01-20,3.2917500000000004,18.5,99,128.9
2004-01-21,2.916625,14.375,99,130.1
2004-01-22,5.333375,63.625,80,121.8
2004-01-23,4.70825,42.625,68,115.2
2004-01-24,3.1248750000000003,18.0,55,107.5
2004-01-25,4.499875,37.5,26,102.3
2004-01-26,3.208375,17.75,21,98.0
2004-01-27,3.1665,16.875,0,93.7
2004-01-28,3.4585,22.875,13,88.5
2004-01-29,2.083375,8.75,26,87.4
2004-01-30,3.333375,19.375,44,92.7
2004-01-31,2.2085000000000004,10.375,62,94.4
2004-02-01,2.333125,10.0,70,97.3
2004-02-02,3.083375,17.75,104,101.5
2004-02-03,3.458375,20.375,103,99.4
2004-02-04,2.958375,15.125,98,101.4
2004-02-05,2.625,12.125,101,105.5
2004-02-06,3.3751250000000006,21.25,83,106.7
2004-02-07,1.833375,7.0,65,111.1
2004-02-08,0.91675,4.0,73,116.2
2004-02-09,1.66675,6.625,78,117.8
2004-02-10,1.625,6.0,78,116.5
2004-02-11,3.1667500000000004,27.75,72,114.2
2004-02-12,4.08325,29.5,78,112.2
2004-02-13,3.833375,24.625,78,107.8
2004-02-14,3.4585,20.0,62,103.7
2004-02-15,3.5835,23.5,82,102.1
2004-02-16,1.458375,6.625,67,98.7
2004-02-17,1.041625,4.125,29,101.9
2004-02-18,1.875,7.875,36,97.7
2004-02-19,1.791625,7.5,29,96.4
2004-02-20,1.125,4.375,42,95.4
2004-02-21,1.70825,6.625,49,98.2
2004-02-22,2.0001249999999997,8.375,49,103.9
2004-02-23,2.2915,9.0,90,104.3
2004-02-24,2.541625,11.125,77,105.5
2004-02-25,1.583375,6.0,86,118.5
2004-02-26,0.70825,3.0,86,120.8
2004-02-27,2.375,12.125,109,122.2
2004-02-28,3.291625,18.875,108,115.8
2004-02-29,3.5832499999999996,24.25,82,110.0
2004-03-01,3.4165,20.875,67,101.8
2004-03-02,3.4582500000000005,20.875,47,98.8
2004-03-03,2.5832499999999996,12.75,40,90.4
2004-03-04,1.625,5.875,35,97.5
2004-03-05,1.3335,5.0,53,106.7
2004-03-06,0.7498750000000001,3.125,59,104.5
2004-03-07,0.7501249999999999,3.0,61,106.1
2004-03-08,0.833375,3.375,53,107.8
2004-03-09,3.416625,27.875,58,108.7
2004-03-10,4.583375,45.125,58,112.6
2004-03-11,4.41675,40.0,58,113.2
2004-03-12,3.791875,28.0,73,107.5
2004-03-13,2.8332499999999996,14.25,61,103.8
2004-03-14,3.083,16.375,58,102.5
2004-03-15,2.9582499999999996,15.125,49,101.4
2004-03-16,2.2085,9.5,56,109.6
2004-03-17,1.54175,6.5,73,109.8
2004-03-18,2.416625,10.375,82,115.4
2004-03-19,1.625,7.25,88,112.2
2004-03-20,2.416625,11.75,76,113.6
2004-03-21,2.5416250000000002,11.25,73,111.2
2004-03-22,2.58325,12.75,87,116.4
2004-03-23,1.749875,7.25,93,118.3
2004-03-24,0.5831250000000001,2.75,87,119.7
2004-03-25,0.9998750000000001,4.0,127,127.0
2004-03-26,2.7501249999999997,17.0,128,123.8
2004-03-27,3.3748750000000003,21.625,134,127.6
2004-03-28,3.3332499999999996,21.375,116,129.0
2004-03-29,2.416625,10.5,101,128.6
2004-03-30,2.5414999999999996,13.625,82,126.7
2004-03-31,2.1665,9.25,85,121.2
2004-04-01,0.91675,3.75,83,112.8
2004-04-02,0.625,2.875,77,108.1
2004-04-03,4.125125,40.75,71,107.4
2004-04-04,2.3748750000000003,17.625,83,108.9
2004-04-05,2.7082499999999996,24.125,86,108.7
2004-04-06,3.666625,25.375,60,101.4
2004-04-07,2.625,12.5,59,98.1
2004-04-08,2.875,14.25,41,93.5
2004-04-09,2.875,16.5,23,90.0
2004-04-10,2.25,11.0,20,87.7
2004-04-11,2.2498750000000003,9.875,20,89.6
2004-04-12,2.2082499999999996,10.25,38,91.3
2004-04-13,1.7081250000000001,6.375,53,93.1
2004-04-14,1.000125,3.875,63,95.2
2004-04-15,1.5417500000000002,6.625,51,96.7
2004-04-16,2.7501249999999997,13.125,47,96.9
2004-04-17,1.874875,7.5,75,98.2
2004-04-18,2.0415,8.0,87,109.0
2004-04-19,1.500125,5.875,95,113.4
2004-04-20,1.041625,4.125,89,110.7
2004-04-21,1.6665,6.75,89,112.7
2004-04-22,1.083375,4.25,86,117.1
2004-04-23,3.333500000000001,19.125,65,115.3
2004-04-24,2.208125,10.25,57,111.6
2004-04-25,2.458375,11.25,47,107.1
2004-04-26,1.33325,5.25,51,99.6
2004-04-27,1.1668749999999999,4.5,39,95.1
2004-04-28,1.874875,9.375,35,89.5
2004-04-29,1.041625,4.125,36,88.5
2004-04-30,2.708375,15.875,51,89.4
2004-05-01,2.25,9.375,77,94.2
2004-05-02,1.5,6.25,49,97.5
2004-05-03,1.70825,6.375,56,91.3
2004-05-04,1.875,7.375,58,87.4
2004-05-05,2.875,14.25,51,88.5
2004-05-06,2.04175,8.0,35,86.4
2004-05-07,3.083375,16.25,28,85.2
2004-05-08,2.16675,8.375,30,87.2
2004-05-09,1.291625,5.0,42,93.2
2004-05-10,1.4585,5.75,51,93.0
2004-05-11,2.291625,12.375,44,90.2
2004-05-12,2.166625,12.25,70,98.8
2004-05-13,2.375,11.75,65,100.8
2004-05-14,1.375,5.25,95,109.6
2004-05-15,1.66675,6.875,102,115.3
2004-05-16,1.0002499999999999,4.0,128,118.3
2004-05-17,0.91675,3.75,121,111.1
2004-05-18,0.916625,3.75,105,107.8
2004-05-19,1.91675,9.375,102,108.8
2004-05-20,2.583375,13.0,104,104.6
2004-05-21,1.70825,7.375,91,106.9
2004-05-22,1.749875,7.5,83,102.4
2004-05-23,2.5001249999999997,11.0,104,104.0
2004-05-24,2.24975,10.5,109,105.2
2004-05-25,1.16675,4.5,97,102.4
2004-05-26,0.7917500000000001,3.375,76,103.3
2004-05-27,0.958375,3.875,56,101.8
2004-05-28,1.666625,7.0,53,102.4
2004-05-29,2.9582500000000005,14.875,54,101.2
2004-05-30,2.458375,11.5,61,99.6
2004-05-31,2.583375,12.375,60,95.4
2004-06-01,3.083375,16.0,54,90.0
2004-06-02,2.41675,10.25,55,90.4
2004-06-03,1.83325,7.625,57,90.0
2004-06-04,1.833375,7.0,55,89.4
2004-06-05,2.416625,10.625,55,84.5
2004-06-06,2.5,11.125,45,88.4
2004-06-07,1.833375,8.125,57,88.5
2004-06-08,2.20825,9.25,51,86.0
2004-06-09,2.7498750000000003,13.125,52,85.2
2004-06-10,2.083375,9.5,48,82.5
2004-06-11,1.208375,5.0,37,83.9
2004-06-12,0.7915000000000001,3.25,28,88.0
2004-06-13,0.8751249999999999,3.5,43,95.2
2004-06-14,2.16675,9.75,54,99.9
2004-06-15,3.125,17.5,68,109.4
2004-06-16,1.75,7.25,98,111.5
2004-06-17,1.83325,6.75,95,111.3
2004-06-18,2.1666250000000002,9.0,103,107.8
2004-06-19,1.166625,4.375,106,112.7
2004-06-20,0.8334999999999999,3.5,132,119.1
2004-06-21,0.958375,3.875,134,115.8
2004-06-22,0.5,2.5,117,116.7
2004-06-23,0.66675,3.0,94,112.5
2004-06-24,0.83325,3.375,80,108.3
2004-06-25,0.75,3.25,57,102.9
2004-06-26,1.750125,8.125,52,98.9
2004-06-27,0.75025,3.25,48,97.2
2004-06-28,2.708375,13.875,46,89.4
2004-06-29,3.333500000000001,19.25,40,85.1
2004-06-30,2.041625,8.0,34,81.8
2004-07-01,2.1665,8.375,28,81.3
2004-07-02,2.083375,7.875,33,80.7
2004-07-03,1.541625,5.75,33,79.5
2004-07-04,1.45825,5.375,31,79.4
2004-07-05,1.5415,5.875,26,78.2
2004-07-06,1.166625,4.625,28,78.9
2004-07-07,0.7082499999999999,3.125,15,79.3
2004-07-08,0.3747500000000001,2.125,18,81.8
2004-07-09,0.833125,3.5,44,86.7
2004-07-10,1.5,5.5,62,93.3
2004-07-11,2.875,18.375,77,104.4
2004-07-12,2.375,12.125,89,125.0
2004-07-13,2.7915,13.875,144,149.5
2004-07-14,1.625,6.0,148,138.1
2004-07-15,1.3751250000000002,6.125,135,145.7
2004-07-16,1.874875,9.0,107,146.5
2004-07-17,2.83325,21.25,130,149.2
2004-07-18,1.541625,5.625,153,155.1
2004-07-19,1.91675,7.875,164,170.2
2004-07-20,2.0001249999999997,8.125,149,175.2
2004-07-21,0.833375,3.5,144,172.2
2004-07-22,2.95825,31.0,138,172.9
2004-07-23,4.749874999999999,51.875,121,165.1
2004-07-24,4.16675,36.625,113,147.2
2004-07-25,7.291499999999999,153.5,94,156.2
2004-07-26,3.625,47.125,105,128.0
2004-07-27,7.58325,185.75,90,118.1
2004-07-28,2.9998750000000003,15.25,64,100.7
2004-07-29,1.499875,5.625,39,99.7
2004-07-30,1.6665,7.0,39,88.7
2004-07-31,1.791625,6.625,38,86.4
2004-08-01,1.75,7.625,39,83.4
2004-08-02,1.499875,6.125,48,84.5
2004-08-03,0.625,2.625,51,87.6
2004-08-04,0.583375,2.625,56,85.4
2004-08-05,1.333375,5.25,36,88.9
2004-08-06,1.1668749999999999,4.875,56,91.0
2004-08-07,2.8752500000000003,15.0,75,94.6
2004-08-08,0.70825,3.125,67,104.8
2004-08-09,2.6248750000000003,13.875,85,113.9
2004-08-10,2.9167499999999995,15.75,99,121.4
2004-08-11,2.4163750000000004,10.375,107,130.8
2004-08-12,1.875,7.375,116,147.2
2004-08-13,1.625,6.375,130,148.6
2004-08-14,1.875125,7.0,116,149.2
2004-08-15,0.8334999999999999,3.875,104,138.8
2004-08-16,1.25,4.75,92,133.6
2004-08-17,2.1665,10.25,75,135.0
2004-08-18,2.1251249999999997,8.5,70,139.9
2004-08-19,1.083375,4.25,61,120.6
2004-08-20,2.9998750000000003,15.125,85,121.4
2004-08-21,3.0417500000000004,16.375,97,120.0
2004-08-22,2.666625,12.0,113,115.2
2004-08-23,1.20825,4.625,96,109.5
2004-08-24,0.708375,3.0,65,104.9
2004-08-25,0.9998750000000001,4.0,53,100.4
2004-08-26,1.16675,4.625,41,97.5
2004-08-27,1.458375,5.75,36,90.5
2004-08-28,1.70825,7.125,34,87.2
2004-08-29,1.375,5.125,27,86.1
2004-08-30,4.166625,41.875,17,89.9
2004-08-31,3.791625,27.625,15,88.1
2004-09-01,1.833375,6.75,14,89.9
2004-09-02,1.458375,5.5,14,93.9
2004-09-03,0.541625,2.5,32,96.7
2004-09-04,0.5,2.25,35,99.3
2004-09-05,1.5832499999999998,7.0,65,103.2
2004-09-06,2.8335,14.25,56,106.5
2004-09-07,2.416625,10.875,67,118.9
2004-09-08,1.583375,7.125,83,124.5
2004-09-09,0.83325,3.375,90,131.0
2004-09-10,0.4585,2.0,77,130.0
2004-09-11,0.41674999999999995,1.875,74,116.4
2004-09-12,0.45825000000000005,2.0,76,114.6
2004-09-13,1.1665,8.5,69,117.7
2004-09-14,4.20825,31.625,56,114.7
2004-09-15,2.708375,14.375,69,109.6
2004-09-16,3.3751250000000006,18.875,67,108.3
2004-09-17,3.4585,21.125,63,104.5
2004-09-18,2.208375,15.25,58,102.7
2004-09-19,1.04175,4.625,60,105.2
2004-09-20,2.29175,12.25,47,100.5
2004-09-21,1.83325,7.625,42,94.9
2004-09-22,2.7917499999999995,16.25,30,91.4
2004-09-23,2.208125,12.125,18,90.2
2004-09-24,1.458375,5.5,18,89.4
2004-09-25,0.791625,3.25,18,89.5
2004-09-26,0.70825,2.875,26,89.5
2004-09-27,1.0,3.875,26,89.8
2004-09-28,1.583375,6.875,14,89.9
2004-09-29,1.08325,4.25,44,89.8
2004-09-30,0.58325,2.625,55,88.2
2004-10-01,0.750125,3.125,28,88.0
2004-10-02,2.458375,10.875,25,88.0
2004-10-03,2.41675,12.125,43,89.0
2004-10-04,2.541625,11.625,42,90.7
2004-10-05,0.958375,3.625,32,90.8
2004-10-06,0.70825,2.875,26,92.1
2004-10-07,0.37487500000000007,1.875,34,93.8
2004-10-08,1.375,5.125,36,90.6
2004-10-09,1.16675,5.375,15,88.0
2004-10-10,1.875,8.125,0,89.0
2004-10-11,2.4165,10.875,0,86.9
2004-10-12,1.958375,9.0,19,87.6
2004-10-13,4.249875,33.25,31,88.5
2004-10-14,3.625,22.375,31,90.7
2004-10-15,2.08325,8.125,25,89.2
2004-10-16,0.9168749999999999,3.875,28,91.7
2004-10-17,0.2915,1.625,68,91.9
2004-10-18,0.7498750000000001,3.0,83,96.2
2004-10-19,0.8749999999999999,3.625,93,99.1
2004-10-20,2.458375,12.125,102,111.3
2004-10-21,1.791625,8.25,117,112.1
2004-10-22,1.500125,5.875,124,122.5
2004-10-23,0.500125,2.125,144,131.6
2004-10-24,1.7501250000000002,8.0,153,140.2
2004-10-25,2.5415,11.875,139,141.4
2004-10-26,0.291625,1.375,141,136.7
2004-10-27,0.791625,3.125,145,129.5
2004-10-28,0.541625,2.375,148,135.8
2004-10-29,1.500125,6.5,138,130.6
2004-10-30,3.125,17.0,148,136.4
2004-10-31,2.583375,12.0,141,139.2
2004-11-01,1.291625,5.375,122,135.5
2004-11-02,1.125,4.25,119,133.1
2004-11-03,1.95825,10.5,108,135.9
2004-11-04,2.041625,8.25,93,136.0
2004-11-05,0.75,3.625,89,141.2
2004-11-06,0.16662500000000002,0.875,100,128.8
2004-11-07,3.833375,49.625,101,129.6
2004-11-08,6.25,139.5,92,124.1
2004-11-09,6.500125000000001,118.75,84,140.9
2004-11-10,7.041499999999999,160.875,52,104.6
2004-11-11,3.6248749999999994,24.25,61,94.9
2004-11-12,4.166625,30.125,61,96.0
2004-11-13,1.83325,6.875,68,96.4
2004-11-14,1.70825,8.25,77,100.3
2004-11-15,0.29150000000000004,1.625,71,105.6
2004-11-16,1.83325,7.25,66,106.6
2004-11-17,1.249875,5.5,66,104.9
2004-11-18,0.33325000000000005,1.625,61,104.0
2004-11-19,0.9167500000000001,3.5,56,103.4
2004-11-20,3.416875,19.625,53,99.3
2004-11-21,3.125,16.75,42,100.9
2004-11-22,1.83325,7.625,47,106.3
2004-11-23,1.500125,5.75,45,106.9
2004-11-24,2.08325,8.375,55,107.3
2004-11-25,3.375,19.75,55,109.4
2004-11-26,2.5835,11.875,55,111.1
2004-11-27,2.375,10.75,60,110.3
2004-11-28,2.7085,13.0,47,112.8
2004-11-29,3.166625,16.875,45,111.4
2004-11-30,3.166625,17.75,52,110.6
2004-12-01,2.375,11.5,52,111.0
2004-12-02,0.8748750000000001,3.625,47,105.6
2004-12-03,0.625,2.875,48,100.8
2004-12-04,0.0,0.0,42,97.4
2004-12-05,1.833375,8.75,47,95.9
2004-12-06,3.458375,20.5,39,93.2
2004-12-07,2.958375,14.75,15,89.7
2004-12-08,2.5,11.0,24,96.5
2004-12-09,1.916625,7.5,21,87.4
2004-12-10,2.3748750000000003,9.75,24,84.8
2004-12-11,2.58325,14.875,21,89.8
2004-12-12,3.916625,28.0,36,90.5
2004-12-13,1.791625,10.25,26,89.7
2004-12-14,1.7497500000000001,6.75,23,89.3
2004-12-15,1.58325,5.875,13,89.3
2004-12-16,2.58325,13.25,16,90.0
2004-12-17,3.1247499999999997,16.5,39,89.9
2004-12-18,2.5,12.75,34,90.6
2004-12-19,0.6251249999999999,2.625,19,94.0
2004-12-20,1.041625,4.25,18,93.9
2004-12-21,2.4585,12.375,24,101.0
2004-12-22,3.2915,19.625,42,98.8
2004-12-23,1.7081250000000001,6.5,29,96.4
2004-12-24,0.791625,3.25,36,97.2
2004-12-25,2.7082499999999996,14.25,19,93.0
2004-12-26,2.4585,10.75,16,91.7
2004-12-27,1.958375,8.125,16,96.9
2004-12-28,2.958125,16.5,27,105.2
2004-12-29,2.958375,16.25,19,98.5
2004-12-30,3.2085,18.375,29,100.0
2004-12-31,1.79175,6.75,36,98.5
